cgpa,backlogs,internships,skills_count,branch,placed
7.11,1,1,1,IT,0
9.59,1,1,3,ECE,1
8.65,2,2,5,Mechanical,1
8.07,3,0,4,IT,0
6.17,0,2,7,Civil,0
6.17,3,0,7,IT,0
5.75,1,0,7,CSE,0
9.22,1,1,6,CSE,1
8.08,0,0,6,Mechanical,1
8.54,1,2,2,ECE,1
5.59,0,1,4,Mechanical,0
9.67,2,0,7,Mechanical,0
9.08,0,1,6,Mechanical,1
6.41,0,2,2,Mechanical,1
6.28,3,0,5,Civil,0
6.29,0,2,2,Civil,1
6.81,1,1,6,IT,0
7.76,0,1,3,CSE,1
7.36,3,2,3,Mechanical,0
6.75,0,0,7,IT,1
8.13,1,1,3,CSE,1
6.1,0,1,7,ECE,0
6.76,1,0,7,Civil,0
7.08,2,0,6,CSE,0
7.46,3,1,3,ECE,0
8.88,3,1,7,CSE,1
6.36,0,1,4,Civil,0
7.71,1,0,5,Civil,0
8.05,1,0,2,IT,0
5.7,0,1,2,Mechanical,0
8.11,0,1,6,CSE,1
6.23,0,1,3,CSE,0
5.78,0,2,3,ECE,0
9.58,3,1,7,Civil,0
9.65,0,0,1,CSE,0
8.98,2,1,7,Civil,0
6.81,2,2,5,CSE,0
5.92,0,1,4,IT,1
8.44,1,2,2,Mechanical,1
7.39,1,2,7,CSE,1
6.02,0,2,1,Civil,1
7.63,1,1,1,IT,0
5.65,3,2,7,CSE,0
9.41,3,2,6,ECE,1
6.61,1,2,2,Mechanical,0
8.35,2,0,6,CSE,0
6.84,1,2,4,IT,0
7.74,3,1,1,ECE,0
7.85,0,2,1,IT,1
6.29,1,2,5,IT,0
9.67,0,1,4,ECE,1
8.83,0,2,1,IT,1
9.54,1,1,4,ECE,1
9.35,2,2,2,CSE,0
8.07,0,1,3,ECE,1
9.46,1,2,1,ECE,1
5.88,2,2,5,Mechanical,0
6.34,1,0,2,ECE,0
5.69,1,0,7,ECE,0
6.9,3,2,4,CSE,0
7.17,0,2,7,Mechanical,1
6.67,2,1,6,Civil,0
9.06,2,1,2,CSE,0
7.03,2,1,7,CSE,0
6.71,1,0,1,Civil,0
7.83,1,0,4,ECE,1
6.11,1,0,3,IT,0
8.95,0,0,2,Mechanical,1
5.82,0,2,1,IT,0
9.74,1,0,5,Civil,1
8.82,3,2,6,CSE,0
6.35,1,2,4,CSE,0
5.52,0,0,2,Mechanical,0
9.01,2,0,2,CSE,0
8.54,2,1,3,CSE,0
8.63,1,1,3,Mechanical,1
8.82,3,0,5,Mechanical,0
5.82,0,1,6,Civil,0
7.04,0,1,5,CSE,0
6.0,2,1,1,CSE,0
9.21,1,2,1,Civil,1
8.18,1,0,5,ECE,1
6.92,0,1,6,ECE,1
5.77,1,0,5,ECE,0
6.84,3,1,6,Civil,0
6.9,0,1,6,CSE,1
8.64,0,2,7,Civil,1
8.24,0,1,4,Civil,1
9.32,0,1,6,ECE,1
7.53,0,1,3,IT,1
6.01,1,0,6,CSE,0
8.57,1,0,6,ECE,1
8.77,1,1,6,IT,1
7.91,3,2,7,IT,1
8.82,0,0,7,Mechanical,1
7.62,0,1,1,CSE,1
7.75,1,0,7,IT,0
7.34,0,1,3,ECE,1
5.61,1,2,3,Mechanical,0
5.96,1,1,7,CSE,0
5.64,0,0,5,Civil,0
8.24,0,1,4,ECE,1
6.85,1,0,7,IT,0
7.69,0,1,6,IT,1
9.4,0,1,2,ECE,1
6.57,1,0,4,IT,0
7.26,0,1,4,Mechanical,1
8.75,0,1,3,CSE,1
6.48,1,1,4,Mechanical,0
5.83,1,0,7,IT,0
6.75,0,0,6,Civil,1
6.19,0,0,6,CSE,0
9.5,0,1,1,CSE,1
8.97,0,0,6,ECE,1
8.22,0,1,6,ECE,1
9.25,1,1,3,Civil,1
8.96,1,0,6,CSE,1
6.3,1,0,1,Civil,0
9.34,1,2,2,ECE,1
7.82,3,1,7,ECE,0
8.97,2,1,3,CSE,1
9.35,0,2,2,Mechanical,1
6.87,1,0,3,IT,0
5.97,0,0,5,ECE,0
6.48,0,1,4,ECE,0
7.34,0,0,5,Mechanical,1
9.02,3,1,6,Mechanical,0
9.2,0,1,2,Civil,1
5.53,0,0,6,Civil,0
7.7,1,1,4,IT,1
7.29,0,0,3,IT,1
6.46,0,0,4,CSE,0
6.02,0,0,1,Civil,0
6.95,2,1,4,ECE,0
9.55,0,1,1,Civil,1
6.89,0,1,4,ECE,1
7.73,0,0,7,Mechanical,0
8.52,3,0,1,Civil,0
7.06,1,1,2,Mechanical,0
9.68,0,0,6,IT,1
9.64,1,1,6,IT,1
6.58,0,0,5,CSE,1
7.64,1,1,6,Civil,1
6.79,0,0,3,Mechanical,1
6.72,1,0,7,ECE,0
5.66,1,2,4,IT,0
8.12,0,1,5,IT,1
7.66,1,0,3,ECE,0
5.72,1,0,3,Mechanical,0
6.7,0,2,1,Mechanical,1
9.41,1,2,6,Civil,1
6.53,0,1,2,Civil,0
6.12,1,2,2,CSE,0
7.6,0,1,5,IT,1
9.74,0,2,7,Civil,1
6.54,0,1,2,Mechanical,0
8.39,0,1,4,ECE,1
8.77,1,1,2,Mechanical,1
6.52,0,1,5,IT,1
8.63,0,1,2,Mechanical,1
7.08,3,1,4,CSE,0
8.22,3,1,1,IT,0
8.22,2,1,7,ECE,1
7.8,1,1,5,CSE,1
5.89,1,2,1,IT,0
9.09,0,0,1,ECE,1
6.88,3,1,1,CSE,0
6.3,1,2,3,CSE,0
5.68,3,0,7,IT,0
8.04,0,1,6,Civil,1
8.41,0,1,7,CSE,1
5.57,0,1,3,CSE,0
7.7,2,0,6,ECE,0
6.47,0,0,7,Mechanical,0
8.27,0,2,1,IT,1
6.25,2,1,5,IT,0
8.47,1,1,6,Civil,1
7.16,0,1,4,Civil,1
9.53,2,1,4,IT,0
6.09,1,0,2,Civil,0
6.97,0,0,6,ECE,0
5.99,0,1,5,IT,1
9.48,0,1,3,Civil,1
9.27,1,1,1,IT,1
6.61,1,1,2,Mechanical,0
8.34,1,1,4,CSE,1
9.01,0,1,3,IT,1
7.89,0,2,3,CSE,1
7.78,1,2,1,Civil,1
6.54,0,1,6,CSE,0
5.9,3,1,4,IT,0
9.36,1,1,5,Mechanical,1
9.37,2,1,3,Civil,1
8.22,3,1,1,IT,0
6.96,1,1,5,Civil,0
7.0,0,1,6,ECE,1
8.62,0,1,4,CSE,1
9.36,3,1,6,ECE,0
9.31,1,1,3,IT,1
8.85,1,1,5,Mechanical,1
8.26,0,2,5,Civil,1
5.86,1,0,5,CSE,0
6.2,0,1,3,Civil,0
9.36,1,0,3,IT,1
8.11,0,2,6,Civil,1
5.54,1,1,2,CSE,0
5.94,1,2,6,IT,0
8.35,1,1,4,Civil,0
5.52,3,1,1,Mechanical,0
6.19,0,1,5,IT,1
7.86,3,1,2,IT,0
8.48,1,0,1,Mechanical,0
8.3,1,0,2,ECE,0
6.46,0,0,7,CSE,0
8.56,0,2,6,ECE,1
6.52,3,1,3,Civil,0
6.9,2,2,5,Mechanical,0
8.71,3,0,6,ECE,0
8.29,0,1,1,IT,1
9.15,1,0,7,Civil,1
8.33,0,2,7,Civil,1
7.94,3,2,7,ECE,1
5.9,1,2,1,ECE,0
7.08,0,0,1,Mechanical,1
6.64,0,1,1,CSE,0
6.55,0,1,1,ECE,1
9.68,3,0,7,ECE,0
7.19,1,1,7,IT,1
9.34,0,0,2,Civil,1
8.21,0,1,6,CSE,1
8.92,0,1,5,IT,1
7.66,1,1,3,Mechanical,1
7.98,0,2,7,Mechanical,1
7.62,1,1,3,ECE,0
6.34,2,1,6,ECE,0
8.61,3,1,6,Mechanical,0
6.71,2,0,3,ECE,0
5.6,1,1,7,CSE,0
8.28,0,1,3,ECE,1
6.26,0,2,2,Civil,1
9.54,0,1,4,ECE,1
9.6,0,1,7,IT,1
9.43,0,1,7,CSE,1
7.09,0,2,5,IT,1
5.57,1,2,1,IT,0
9.49,1,2,4,Civil,1
7.34,1,2,6,CSE,0
9.66,2,2,7,CSE,1
9.64,0,2,3,CSE,1
9.17,1,0,4,CSE,1
6.77,0,1,5,CSE,0
7.16,2,2,6,Civil,0
9.16,1,1,1,ECE,1
6.86,0,1,1,IT,0
6.23,3,0,5,CSE,0
7.89,3,2,5,ECE,0
9.53,0,1,3,ECE,1
8.49,1,0,7,IT,1
7.95,1,1,1,Civil,0
5.92,1,1,6,Mechanical,0
8.14,2,1,4,Mechanical,0
9.76,1,0,6,ECE,1
6.1,3,0,2,IT,0
7.73,0,1,2,Mechanical,1
9.27,1,2,5,ECE,1
8.69,1,1,3,Civil,1
8.5,2,0,2,Mechanical,0
8.52,3,1,1,ECE,0
7.05,0,0,6,ECE,0
6.76,0,1,6,CSE,1
8.98,0,0,5,Civil,1
8.98,0,0,7,CSE,1
9.23,3,0,7,IT,1
9.43,2,2,4,CSE,1
7.7,0,1,5,CSE,1
7.66,1,1,4,Mechanical,0
8.93,1,1,7,ECE,1
8.29,0,0,5,Civil,1
8.52,1,1,5,CSE,0
8.92,2,1,5,Civil,1
9.33,0,0,7,CSE,1
6.95,1,1,4,IT,1
7.12,1,0,4,CSE,0
5.9,1,1,5,Mechanical,0
7.99,3,0,2,ECE,0
5.65,0,1,3,IT,0
7.5,3,0,7,CSE,0
7.83,0,1,3,Civil,1
6.73,0,1,3,IT,1
8.04,1,2,4,IT,1
5.63,1,1,4,CSE,0
5.66,2,1,2,IT,0
9.04,0,1,3,Civil,1
7.05,3,2,3,IT,0
6.05,1,0,5,Civil,0
7.75,0,0,4,CSE,1
8.81,0,1,3,ECE,1
6.43,0,2,6,IT,1
8.18,2,0,2,ECE,0
5.87,1,2,6,Civil,0
